bf,bi,bc,bo
0.8503015090584471,0.4556385466093845,0.7130777626190834,0.37806865673800283
