bf,bi,bc,bo
0.6783241765768655,0.8915442416613317,0.763044869072786,0.04909236052943211
