bf,bi,bc,bo
0.43548248473064666,0.8886922550210906,0.06200470463116836,0.815775476799701
