choke,week,psig,apsig,oil,gas,water,liquid
38,19,98098.67848655184,33846.29844568247,78034.8209692425,573.6552991889943,2055.2700379661037,78553.87494731299
38,20,695350.6385688541,220603.6714011029,513546.65035086474,4152.371753145527,10875.549449345108,522390.4674181731
38,21,71903.44416410694,22445.6438877066,50565.71637179199,440.1085837242492,755.8086725414844,51140.90948198483
40,21,617805.77253171,200336.983598904,462548.3861786288,4240.905164556155,9236.055860823295,470509.8735083096
40,22,41059.735934904755,13003.425206907043,29840.318729999537,281.94312327226385,608.1355137427993,30129.820934093765
42,22,373493.6050792192,123523.89142473505,301434.3757081499,2860.729326151472,6636.479514363441,307147.64426760684
