choke,month,psig,apsig,oil,gas,water,liquid
38,5,1014.4815489091592,324.61384963011955,752.8103021007025,6.056430991862568,16.045285064305624,764.4610220955111
40,5,1023.0830876810788,331.2739267170979,764.5787343301682,7.023056347559658,15.286011451189585,777.3908298795084
42,5,993.7675172195065,326.1057545007792,814.8708789202972,7.448851933168741,17.725325126842222,830.413013726191
42,6,987.0888947668537,326.90052538102924,794.4149269832711,7.588800055571498,17.527519587764836,809.4550170774537
