choke,month,psig,apsig,oil,gas,water
38,5,859132.695938068,277663.61980110966,648013.544535931,5119.419703920922,14883.025810315994
40,5,658230.3464352082,213558.60933471972,494053.42559247406,4532.772390935838,10006.703670207642
42,5,55720.813431306415,18234.252527811284,45856.3209360638,416.9071941770057,992.4872461459621
42,6,317811.3235400906,105287.34723091027,257065.2744149926,2440.746330014887,5651.676398971502
