choke,week,psig,apsig,oil,gas,water
38,19,97193.49993793026,33875.73652518611,79949.35770351067,554.9737878836986,2085.2012028786053
38,20,689098.2406579377,221207.6969662731,516394.06101005746,4115.161593475784,12003.420178421024
38,21,72103.96984933062,22534.96934951798,49827.7423498944,442.84840014306417,832.621232843488
40,21,616996.9979228318,200615.40213572,464371.9095863629,4248.969102078671,9523.41929777214
40,22,41032.901784430054,13093.186223607257,29566.271549076908,283.4344087194681,630.513964664719
42,22,373842.83240317396,123644.83031381694,302992.52821593854,2858.4971645655414,6496.678800199511
