choke,month,psig,apsig,oil,gas,water
38,5,858395.7104451986,277618.4028409772,646171.1610634625,5112.983781502547,14921.242614143117
40,5,658029.8997072618,213708.58835932726,493938.1811354398,4532.403510798139,10153.933262436858
42,5,55743.39338201897,18246.378167089584,45658.30047082789,417.3234853259309,970.5473357226698
42,6,318099.43902115495,105398.45214672736,257334.22774511066,2441.1736792396105,5526.131464476841
