choke,week,psig,apsig,oil,gas,water
38,19,97419.41466734563,33755.340975919156,79499.53883024729,552.6769845598816,2062.0548659355336
38,20,689579.8790107169,221514.30595777958,518178.7520610926,4116.283619176628,11830.222029283885
38,21,71999.49178825575,22541.63621606847,49882.268883105964,442.43163287361597,843.6585212626127
40,21,616867.4496832596,200548.67515409787,463936.9110378068,4247.972879399434,9269.166685827768
40,22,41089.40930141703,13093.287725226455,29452.768082885792,283.6608748691153,634.9662939422859
42,22,373503.6605310568,123487.05046264491,302811.9957578907,2856.64748385313,6632.343082690817
