choke,week,psig,apsig,oil,gas,water
38,19,916.0818142960344,314.82909662086985,773.914768588558,5.439170263176611,15.36748940671464
38,20,1019.3162458417429,325.23008269647914,735.2250614802832,6.1506572282820535,14.372768593531468
38,21,1064.4895213794582,329.09991715691785,733.6236513402539,6.4691610592851525,10.958374837927284
40,21,1022.5727332440707,331.4293571042395,762.7405048886362,7.0266718386105,16.89700793514837
40,22,1029.1964190441781,326.9055440248932,741.4420070458681,7.070080257405955,17.272519754769355
42,22,988.0018188527398,326.9351284805194,793.0433136592027,7.562296846710437,17.580719576465437
