choke,month,psig,apsig,oil,gas,water
38,5,1007.1895614748745,325.5142084420981,759.6876254817479,6.001664365675173,17.44786144233997
40,5,1022.0968112347954,331.61274741416105,767.1637043361399,7.038466445552544,15.538359736347271
42,5,995.0145255590431,325.6116522823444,818.8628738582821,7.444771324589388,17.72298653832075
42,6,986.9916880127037,326.9793392264294,798.3393615372441,7.579957546630084,17.551790058917707
