choke,month,psig,apsig,oil,gas,water,liquid
38,5,865352.7612195128,276895.613734492,642147.1876918992,5166.135636058771,13686.628159852697,652085.251847471
40,5,658865.5084666148,213340.40880581105,492388.70490862837,4522.848287828419,9844.191374566093,500639.6944424034
42,5,55650.980964292365,18261.922252043634,45632.76921953664,417.1357082574495,992.6182071031644,46503.1287686667
42,6,317842.6241149269,105261.96917269142,255801.6064886133,2443.5936178940224,5643.861307260277,260644.5154989401
