choke,week,psig,apsig,oil,gas,water,liquid
38,19,916.8100793135686,316.3205462213315,729.2973922359113,5.361264478401815,19.208131195944894,734.1483639935793
38,20,1025.5909123434426,325.3741466092963,757.4434370956707,6.124442113783963,16.040633406113727,770.4874150710517
38,21,1057.4035906486315,330.08299834862646,743.6134760557645,6.47218505476837,11.114833419727711,752.0721982644828
40,21,1022.8572392909106,331.68374768030463,765.8085863884583,7.0213661664837,15.291483213283602,778.989856801837
40,22,1026.493398372619,325.0856301726761,746.0079682499884,7.048578081806596,15.203387843569981,753.2455233523441
42,22,988.0783203153948,326.7827815469181,797.445438381349,7.56806700040072,17.556824112072594,812.5599054698594
