choke,week,psig,apsig,oil,gas,water
38,19,912.3981070470658,316.07400995438934,743.823273637905,5.1786737592324465,20.17443549694998
38,20,1016.7889983046113,326.66848297733577,760.2343210020703,6.092049896924085,17.120044610647422
38,21,1054.9359944621297,330.3645065854868,736.1261849026138,6.468080967211688,11.498124118450386
40,21,1022.0395610962171,331.424616814898,760.2624647903408,7.035612798097715,15.54406176980405
40,22,1026.4975699553022,326.73797509739245,734.2008640648226,7.080515711932814,16.133361529397384
42,22,988.9550818833106,326.49190767251906,796.1476341782558,7.567615294823151,17.774594609052908
