choke,week,psig,apsig,oil,gas,water
38,19,910.4618193209872,315.4704764104594,742.9863442079186,5.165205463176464,19.271540803135828
38,20,1017.0794675674291,326.7172654244537,764.2754455178357,6.07121477754665,17.44870505794083
38,21,1058.8160557096435,331.494650236301,733.5627776927348,6.506347542259058,12.406742959744305
40,21,1021.3037246411583,332.03423038757927,768.1074686056404,7.03306768112489,15.346302459979748
40,22,1027.2352325354257,327.3321931306614,736.3192020721448,7.091521871727882,15.874157348557148
42,22,988.1049220398328,326.6853186842458,801.0899358674357,7.557268475801931,17.545881171139726
