choke,month,psig,apsig,oil,gas,water
38,5,863571.878408938,277927.6558009853,639150.7284221698,5201.948695604899,14000.04452499273
40,5,662564.6472044569,208290.44868566326,584112.1379713335,4574.195920503742,1870.824073463419
42,5,55720.41382766128,18249.00779695702,45435.861383641604,417.2022746454437,897.5299043320641
42,6,317203.5548920952,105206.76688325599,256370.56079851155,2442.0563843835325,5746.187992778415
