choke,week,psig,apsig,oil,gas,water
38,19,907.9530385131641,321.00826204950596,736.8009498976661,5.543555810217758,21.215194382859497
38,20,1023.0981729887768,326.31220980587415,752.5748436420112,6.158916095524632,16.181875390105137
38,21,1070.0050294358637,328.53078696037477,736.2835704975889,6.36828104626321,11.157458993168866
40,21,1028.474060592903,323.38877461102703,909.504718709532,7.099388880401809,2.696051478311563
40,22,1034.1578651585842,324.0907205150727,869.2821967694024,7.1541259185262245,6.0602245140808755
42,22,986.5713458194615,326.602578519082,798.4296883125745,7.564176346637503,17.575973272779045
