choke,week,psig,apsig,oil,gas,water
38,19,908.3504667096286,316.5956684596833,747.1902589113147,5.186670914800922,19.487861709145843
38,20,1016.3690865161324,326.26503977326416,761.6431578319432,6.069559872383162,17.70415955519325
38,21,1060.3524977842737,331.3966080811468,732.7609169102117,6.5124764726921205,12.244429894757175
40,21,1021.5182084815096,332.14470552271524,768.8276648780843,7.034717056421641,15.767250493000232
40,22,1025.8225446107513,327.32965559018146,739.1567887269227,7.085860217986702,15.762849116617975
42,22,989.0022021247988,327.1027256979284,801.5675349628003,7.56216181101995,17.18698095290876
