choke,month,psig,apsig,oil,gas,water
38,5,861502.4562641805,276571.5037733164,631177.880213745,5192.03977096652,12134.227961911856
40,5,658801.7876411858,213259.55345195637,490352.945234571,4526.9130008169805,10896.693583020391
42,5,55733.96940533602,18255.18937263587,45265.40182043571,418.23878954448327,1050.7608721493523
42,6,317730.71812099963,105326.28919300046,254504.97074274288,2440.3094185120617,5594.751127754583
