choke,month,psig,apsig,oil,gas,water
38,5,858998.7854663184,277811.2831497672,647560.5597744458,5111.392236610125,14735.935416482032
40,5,657956.8589846765,213641.96287932433,493389.67912069266,4531.633754268549,9904.132979770055
42,5,55729.53857902088,18236.048254359586,45725.489396982164,416.6060600657806,1007.9728117041113
42,6,317774.12195203593,105251.00220828532,257086.50636090856,2440.0414237873497,5624.370270986706
