choke,month,psig,apsig,oil,gas,water
38,5,1006.7352707244869,325.6341582316136,756.2538575522126,6.007453022418284,17.055014401227698
40,5,1022.3164560564086,331.1335210560467,758.6437318260228,7.038401798957038,15.580664239344008
42,5,994.111159756897,326.05607970535146,813.8951677254369,7.456473595497081,18.27700678132526
42,6,988.0583726879044,326.5677038407221,793.0611066048328,7.586944286010294,17.687218579092498
