choke,month,psig,apsig,oil,gas,water
38,5,858745.1859279873,277765.9369715664,645084.5404920373,5124.357428122797,14547.927284247227
40,5,658371.7977003271,213249.98756009407,488566.5632959587,4532.730758528332,10033.947770137542
42,5,55670.22494638623,18259.140463499683,45578.12939262446,417.56252134783654,1023.5123797542145
42,6,318154.7960055052,105154.80063671252,255365.6763267562,2442.9960600953145,5695.284382467785
