choke,month,psig,apsig,oil,gas,water
38,5,1009.9677095711377,324.233884845623,739.9506215870399,6.08679926256333,14.225355172229609
40,5,1022.984142299978,331.14837492539806,761.417616823868,7.029368013690964,16.92033165065278
42,5,995.2494536667147,325.9855245113548,808.3107467934949,7.468549813294344,18.763587002667006
42,6,986.7413606242225,327.10027699689584,790.388107896717,7.578600678608887,17.375003502343425
