choke,week,psig,apsig,oil,gas,water
38,19,97210.49022363558,33839.49771869437,80116.33533635478,553.8170134575138,2026.0033740748213
38,20,690150.5186039108,221308.6090543644,517991.83809153654,4122.598338012116,11981.39485450245
38,21,71771.6871105215,22515.51302805086,49905.3711080397,443.00435245129245,875.6275817387228
40,21,617171.2865070524,200448.68355098064,464624.18403783493,4249.050859887739,9379.579756295874
40,22,41059.059928155875,13109.925783739078,29429.24155463915,283.72153104809996,627.1239139117679
42,22,373532.136971397,123521.59975872155,302921.59535105637,2857.6535241918923,6644.163645117464
