choke,month,psig,apsig,oil,gas,water
38,5,1012.3937613234912,325.8237465427729,749.2974541877724,6.098415821342202,16.412713393895345
40,5,1028.8270919323863,323.4323737355019,907.0064254213253,7.102788696434382,2.905006325253756
42,5,995.0073897796657,325.87513923137533,811.3546675650286,7.450040618668638,16.02731972021543
42,6,985.1042077394261,326.72908969955273,796.1818658338868,7.584026038458176,17.845304325398804
