choke,week,psig,apsig,oil,gas,water
38,19,97626.59745403603,33819.91906511966,79589.09027925583,554.1180922378718,2158.664598173648
38,20,689382.9408505264,221481.23145863364,515438.86963940365,4130.4098301145295,11607.390246018953
38,21,71735.64762342481,22464.786447813105,50056.58057337774,439.8295057703948,781.8724400546263
40,21,617311.8949021151,200180.46855619838,459198.5287333658,4249.51013005102,9388.613308961647
40,22,41059.90279821209,13069.519003895699,29368.034562592904,283.2206284773126,645.3344611758954
42,22,373825.02095189143,123413.9411002122,300943.8057193807,2860.558581443151,6718.796762221999
