choke,month,psig,apsig,oil,gas,water
38,5,1006.3255691033982,325.4611991101726,757.527738644153,5.994119321808379,17.492664260425695
40,5,1021.7855585516488,331.84563409833424,766.9847533159003,7.0378936503076694,15.766977115585183
42,5,995.4177389646245,325.82818155517117,815.3267941219266,7.452205095105909,17.331202423619104
42,6,987.8864565874377,327.3243855488427,799.1746203264306,7.581284718135437,17.16189895800261
