choke,month,psig,apsig,oil,gas,water
38,5,1007.0325738174893,325.6873190501374,759.1565765233831,5.992253501301437,17.275422528114927
40,5,1021.6721412805537,331.742178384044,766.1330421128768,7.0366983761933986,15.379088477903812
42,5,995.1703317682301,325.64371882784974,816.5265963746815,7.439393929746082,17.999514494716273
42,6,986.8761551305464,326.86646648535816,798.40529925748,7.577768396855123,17.466988419213372
