choke,week,psig,apsig,oil,gas,water
38,19,97419.41466734561,33755.340975919156,79499.53883024726,552.6769845598816,2062.054865935532
38,20,689579.8790107169,221514.3059577796,518178.75206109247,4116.283619176628,11830.22202928387
38,21,71999.49178825575,22541.636216068473,49882.26888310596,442.43163287361597,843.6585212626131
40,21,616867.4496832596,200548.67515409787,463936.9110378069,4247.972879399434,9269.16668582777
40,22,41089.40930141703,13093.287725226455,29452.768082885796,283.6608748691152,634.9662939422869
42,22,373503.6605310568,123487.05046264491,302811.9957578907,2856.64748385313,6632.34308269082
