choke,week,psig,apsig,oil,gas,water
38,19,97150.97512090855,34347.88403929714,78837.70163905027,593.1604716933001,2270.0257989659663
38,20,693660.5612863906,221239.67824838267,510245.74398928357,4175.7451127657005,10971.311514491283
38,21,72760.34200163872,22340.093513305485,50067.28279383605,433.04311114589825,758.7072115354829
40,21,621198.3325981135,195326.81986506033,549340.8501005573,4288.030883762693,1628.415092900184
40,22,41366.31460634337,12963.628820602908,34771.2878707761,286.165036741049,242.40898056323502
42,22,372923.96871975646,123455.774680213,301806.42218215315,2859.258659028976,6643.717897110479
