choke,week,psig,apsig,oil,gas,water
38,19,98020.75412967568,33686.713338433074,82808.8802389757,581.9912181598974,1644.3213665184664
38,20,691096.4146807017,220505.99606821287,498482.59168363205,4170.145600775232,9744.737106414335
38,21,72385.28745380316,22378.794366670416,49886.40829113727,439.9029520313904,745.1694889790554
40,21,617633.9308794187,200183.33169096065,460695.26495273627,4244.109790520742,10205.792792829616
40,22,41167.85676176713,13076.221760995728,29657.680281834724,282.8032102962382,690.9007901907742
42,22,373464.68752633565,123581.47856563632,299770.3725631786,2858.5482080565453,6645.511999903935
