choke,week,psig,apsig,oil,gas,water
38,19,908.5092544265008,316.25698802518104,748.750797536026,5.175859938855269,18.934610972661883
38,20,1017.9211188848242,326.4138776613044,763.9997611969566,6.080528522141764,17.67167382669978
38,21,1055.4659869194338,331.1104857066303,733.9025162947014,6.514769888989595,12.876876202040041
40,21,1021.806765740153,331.86868137579575,769.245337810985,7.03485241703268,15.529105556781248
40,22,1026.4764982038969,327.7481445934769,735.7310388659787,7.093038276202499,15.678097847794197
42,22,988.1802565380873,326.7767189384168,801.3798818811015,7.559929958179609,17.57715250031075
