choke,month,psig,apsig,oil,gas,water
38,5,1007.2894370740812,325.5298855506491,764.8594957430363,5.9880961154322385,17.920262676503224
40,5,1021.7755314223514,331.90939557265415,768.0174541658367,7.038169627510406,15.734396262357304
42,5,993.8794115185714,326.0911751931034,817.9225616016574,7.438785621009602,17.78102450656532
42,6,986.9923608847429,326.9761157601948,799.6317312181473,7.580325416015172,17.57092880660403
