choke,month,psig,apsig,oil,gas,water
38,5,859039.2812662428,277580.68463827576,651379.6577653995,5107.788486832697,14938.160215233824
40,5,657838.7927019573,213639.03997127796,494800.6356984919,4531.595211929425,10181.894182727145
42,5,55660.88233203663,18272.15437693135,45819.123252228266,416.5767987594001,1000.8364405195174
42,6,317807.0967869746,105245.20782801992,257410.93122414962,2440.402345908688,5629.61168532455
