choke,week,psig,apsig,oil,gas,water
38,19,908.2350526136975,316.2718334972585,751.6955314587046,5.126586739304494,19.02620551613857
38,20,1017.5397715796711,326.2931489386922,768.1107441731203,6.071875432720582,17.852659446560494
38,21,1058.325963317063,331.0712275534679,737.7816374991555,6.507531799155319,11.739016474102682
40,21,1021.1564108297464,331.98805459350905,770.3280687992009,7.032855232279458,15.795101411501816
40,22,1026.5080140197615,327.95637491996257,738.0620535943633,7.093766290815788,16.041323254501187
42,22,988.0105267698709,326.7655084787071,802.1959113131691,7.558145885365312,17.540868057788536
