choke,week,psig,apsig,oil,gas,water
38,19,908.532694249314,316.0217344613657,746.4698553642845,5.126421674546828,19.190402351582804
38,20,1017.7518372808975,326.44545985348844,769.5483673305694,6.072167429800644,18.16823548003365
38,21,1058.3697921039136,331.3624265687118,747.0453278633161,6.505725733564005,13.449225823162843
40,21,1021.4443443772676,332.16285826298054,770.0571129141321,7.034459750113775,15.740767696343616
40,22,1026.776455803116,328.0821089487264,737.2186070665751,7.09418877619954,15.638187609163978
42,22,988.012664682347,326.845013453959,802.3414838675561,7.559356557495828,17.602054095487183
