choke,week,psig,apsig,oil,gas,water
38,19,97181.15062966563,33841.08618420666,80431.4218660814,548.5447811055808,2035.803990226827
38,20,689891.965131017,221226.7549804333,520779.0845493756,4116.731543384555,12104.103104768015
38,21,71966.16550556029,22512.843473635818,50169.15134994258,442.5121623425617,798.2531202389823
40,21,616778.4721411668,200520.78497447947,465278.1535547173,4247.844560296793,9540.241252547097
40,22,41060.32056079046,13118.254996798503,29522.48214377453,283.7506516326315,641.6529301800475
42,22,373467.9791190112,123517.36220495128,303230.0544763779,2856.979144668088,6630.448125844067
