choke,month,psig,apsig,oil,gas,water
38,5,1007.0800483777759,325.4169808186117,763.6338309090264,5.98802870672063,17.512497321493345
40,5,1021.4888085434119,331.73763970695336,768.3239684759191,7.036638527840722,15.81039469367569
42,5,993.944327357797,326.28847101663126,818.1986295040762,7.438871406417859,17.872079294991384
42,6,986.9785614502316,326.84847151558984,799.4128298886634,7.578889273008348,17.483266103492394
