choke,week,psig,apsig,oil,gas,water
38,19,97212.99828467659,33814.32558736613,79872.27452397844,548.5271191765106,2053.37305161936
38,20,690035.7456764485,221330.02178066515,521753.79305012606,4116.929517404837,12318.063655462814
38,21,71969.14586306612,22532.645006672403,50799.08229470549,442.38934988235235,914.5473559750733
40,21,616952.3840038696,200626.36639084024,465114.4962001358,4248.81368906872,9507.423688591543
40,22,41071.05823212464,13123.284357949055,29488.744282663007,283.7675510479816,625.5275043665591
42,22,373468.7872499272,123547.4150855965,303285.0809019362,2857.436778733423,6653.576448094155
