choke,month,psig,apsig,oil,gas,water
38,5,859217.8898241912,277676.9923747037,652425.14986881,5107.8459864637,15285.984063057249
40,5,658023.4422359943,213749.65074878928,494603.24048279884,4532.581240116701,10132.951192958104
42,5,55657.24704504,18261.10581081379,45803.663449692816,416.57199477653774,995.7373723676579
42,6,317811.5402048872,105286.30927478272,257481.41745224342,2440.8647839568853,5657.839075726498
