Wf,Wi,Wc,Wo
0.8781607282012539,0.38024181319614936,0.8958724779796424,0.3710166231958375
0.5531411120533124,0.21539040994887249,0.09342275635862507,0.1731640384350055
0.7453264058989837,0.39804561665668425,0.4195076511725909,0.053561066231704535
0.28880744543449477,0.6693039517202454,0.024859304637961488,0.3776368303836052
0.4393942822342102,0.07912476883894126,0.2453312977491945,0.4874514627087404
0.4809418706786279,0.13392671771784792,0.8586960804835743,0.32062223138064094
