Wf,Wi,Wc,Wo
0.48859337733550834,0.3176374848180028,0.369574545414979,0.0009486846564492613
0.7173938060788984,0.8847257337442646,0.7248524095459465,0.2936860286423466
0.853698589214827,0.2740375395994066,0.307561530818359,0.8444965332890154
0.12723649041534046,0.8340203806632562,0.716381939492758,0.5049820083313946
0.016037965360511497,0.3598920731508175,0.0862849410663824,0.5635007995710495
0.21800851946515432,0.06789308116209247,0.16024142205061698,0.6811455456871017
