Wf,Wi,Wc,Wo
0.023666286303985706,0.33702767228573016,0.8942207933219711,0.8272445451683171
0.838563955884924,0.6496702125145203,0.038090484363651256,0.21496957318366883
0.4674337861074632,0.16915600938052222,0.4824268566218144,0.2279341071300507
0.9112975496990193,0.0736253756805052,0.5224744285079012,0.3026181706595872
0.6637832149509805,0.7351342232474933,0.9444826766337889,0.5827094472518459
0.8921781434448492,0.8762065136572937,0.6350075936234809,0.47287842138242087
