choke,month,psig,apsig,oil,gas,water
38,5,1008.2298,325.34418,759.89355,5.989675,17.301706
40,5,1021.7508,331.78876,768.8416,7.036349,15.706836
42,5,993.9494,326.21112,816.6454,7.439583,17.796904
42,6,987.17883,327.02917,800.0202,7.577377,17.53125
