choke,week,psig,apsig,oil,gas,water
38,19,909.9908,316.2857,742.5607,5.1295958,18.94264
38,20,1018.3936,326.26636,767.1302,6.0739636,17.852472
38,21,1061.4727,330.4032,715.01306,6.5026274,9.228204
40,21,1021.428,332.07736,770.7131,7.0332284,15.716599
40,22,1026.6244,327.43066,740.5829,7.083472,15.559401
42,22,988.1819,326.90796,802.48315,7.556963,17.570606
