choke,week,psig,apsig,oil,gas,water
38,19,97369.016,33842.57,79454.0,548.86676,2026.8624
38,20,690470.9,221208.6,520114.28,4118.1475,12103.976
38,21,72180.14,22467.418,48620.887,442.17865,627.5179
40,21,616942.5,200574.73,465510.7,4248.07,9492.826
40,22,41064.977,13097.227,29623.314,283.33887,622.37604
42,22,373532.75,123571.21,303338.62,2856.532,6641.689
